{"train_loss_1": [0.6346238403320312, 0.5782607421875, 0.5407067260742188, 0.5119870910644532, 0.48853363037109376, 0.4691107177734375, 0.45358349609375, 0.4408233642578125, 0.43029754638671874, 0.42155526733398435, 0.4143022766113281, 0.4082888488769531, 0.40261752319335936, 0.3985948486328125, 0.39391363525390627, 0.39030081176757814, 0.38701998901367185, 0.3841376647949219, 0.38131692504882814, 0.37873837280273437, 0.37645208740234376, 0.37413046264648436, 0.3723424072265625, 0.3706727600097656, 0.36881350708007815, 0.3670973205566406, 0.3655443420410156, 0.36413568115234374, 0.36264447021484375, 0.36097567749023435], "train_accuracy_1": [0.633375, 0.74125, 0.79875, 0.8356875, 0.859625, 0.872125, 0.8853125, 0.895, 0.9050625, 0.912875, 0.9203125, 0.925875, 0.929, 0.9314375, 0.9355, 0.9380625, 0.941, 0.9429375, 0.9455625, 0.94825, 0.94875, 0.950375, 0.9519375, 0.9529375, 0.9545, 0.9549375, 0.957, 0.95775, 0.95925, 0.9615625], "val_loss_1": [0.600543701171875, 0.5573085327148437, 0.524907470703125, 0.4996698913574219, 0.4781363220214844, 0.46072369384765627, 0.4477930297851562, 0.43525677490234377, 0.4252579345703125, 0.4174127197265625, 0.41410739135742186, 0.4050057678222656, 0.40408010864257815, 0.3956859436035156, 0.3920190124511719, 0.3886686706542969, 0.3888702392578125, 0.3837080383300781, 0.38084854125976564, 0.3784945373535156, 0.3764539489746094, 0.37442950439453127, 0.37224807739257815, 0.370935302734375, 0.3689298095703125, 0.36740020751953123, 0.3656230773925781, 0.36442083740234377, 0.36354266357421877, 0.3613417663574219], "val_accuracy_1": [0.70875, 0.776, 0.8225, 0.84525, 0.861, 0.88325, 0.889, 0.89325, 0.90775, 0.91575, 0.911, 0.926, 0.93, 0.93, 0.9345, 0.93925, 0.93825, 0.94075, 0.9425, 0.94325, 0.94475, 0.94675, 0.9485, 0.9485, 0.953, 0.9545, 0.955, 0.95675, 0.95975, 0.96], "train_loss_2": [0.6358770751953124, 0.5685244750976562, 0.5326535034179688, 0.5054657592773437, 0.4835452880859375, 0.46469384765625, 0.44955657958984374, 0.4370364074707031, 0.42708779907226563, 0.41867752075195314, 0.4115185546875, 0.405436767578125, 0.4007520446777344, 0.3961337890625, 0.39208718872070314, 0.3885085144042969, 0.38533111572265627, 0.38232180786132813, 0.3799428405761719, 0.3773243103027344, 0.37514309692382813, 0.37325042724609375, 0.3714603271484375, 0.369830078125, 0.3679403076171875, 0.3665340576171875, 0.36546902465820313, 0.3634763488769531, 0.36272909545898435, 0.36128570556640627], "train_accuracy_2": [0.6264375, 0.757875, 0.797125, 0.831375, 0.8573125, 0.8755625, 0.8869375, 0.8986875, 0.906375, 0.9145, 0.919625, 0.9258125, 0.9283125, 0.933, 0.937625, 0.9398125, 0.942625, 0.9453125, 0.9468125, 0.9485, 0.9506875, 0.9525, 0.954, 0.9536875, 0.956, 0.9571875, 0.95775, 0.9598125, 0.9598125, 0.961125], "val_loss_2": [0.5865704956054687, 0.543659912109375, 0.511014404296875, 0.4872821044921875, 0.4675499267578125, 0.45110910034179685, 0.4389349365234375, 0.4317353515625, 0.4193798828125, 0.41179486083984373, 0.40623544311523435, 0.39978466796875, 0.3952080993652344, 0.39045013427734376, 0.38641705322265624, 0.3830089416503906, 0.38023626708984376, 0.3797616882324219, 0.3783449401855469, 0.3735896301269531, 0.37008941650390625, 0.36872665405273436, 0.3667061767578125, 0.36517633056640625, 0.3637857360839844, 0.36225448608398436, 0.3607307434082031, 0.35984710693359373, 0.35933502197265627, 0.35872686767578127], "val_accuracy_2": [0.71, 0.79925, 0.8315, 0.86375, 0.872, 0.878, 0.88925, 0.90625, 0.90575, 0.919, 0.92275, 0.92825, 0.93475, 0.939, 0.94625, 0.948, 0.95075, 0.94875, 0.94825, 0.9545, 0.95875, 0.95875, 0.959, 0.95975, 0.96075, 0.962, 0.9625, 0.9635, 0.963, 0.9645], "train_loss_3": [0.6495198974609375, 0.5923175659179688, 0.554913330078125, 0.5272438354492187, 0.5042716369628907, 0.484833984375, 0.46858438110351563, 0.4551237487792969, 0.44367074584960936, 0.4341628723144531, 0.4262999267578125, 0.4189534912109375, 0.4125028076171875, 0.40638153076171873, 0.40121817016601563, 0.3963804321289062, 0.39232113647460937, 0.3885037841796875, 0.38548635864257813, 0.3827747802734375, 0.3802533874511719, 0.3774334716796875, 0.37539337158203123, 0.3733210144042969, 0.3716567077636719, 0.36957586669921877, 0.3682550354003906, 0.3660774841308594, 0.3647277221679687, 0.3631270751953125], "train_accuracy_3": [0.6010625, 0.7231875, 0.7725, 0.8, 0.819625, 0.852, 0.871375, 0.884125, 0.8924375, 0.89875, 0.9059375, 0.91325, 0.9198125, 0.924375, 0.9288125, 0.9345, 0.9376875, 0.94175, 0.9430625, 0.94425, 0.94575, 0.9481875, 0.9499375, 0.9515, 0.9525625, 0.95425, 0.9548125, 0.9576875, 0.9584375, 0.96025], "val_loss_3": [0.6178817138671875, 0.573814697265625, 0.5411932373046875, 0.515234619140625, 0.4937688293457031, 0.47741940307617187, 0.45946292114257814, 0.44708517456054686, 0.4363745422363281, 0.42918780517578126, 0.4199458923339844, 0.41511355590820315, 0.4131053466796875, 0.4016688232421875, 0.39628311157226564, 0.3925533447265625, 0.38852102661132815, 0.38764410400390625, 0.3829461364746094, 0.3817411804199219, 0.3776833801269531, 0.374974609375, 0.3747431335449219, 0.37206942749023436, 0.36900732421875, 0.36777496337890625, 0.36629940795898436, 0.3641673583984375, 0.3635482482910156, 0.36151727294921876], "val_accuracy_3": [0.692, 0.75275, 0.78425, 0.80475, 0.8405, 0.84975, 0.8905, 0.8915, 0.895, 0.90125, 0.9145, 0.908, 0.9235, 0.931, 0.933, 0.93625, 0.94075, 0.9415, 0.94625, 0.94625, 0.949, 0.9525, 0.951, 0.95475, 0.95525, 0.95675, 0.95825, 0.96025, 0.96225, 0.9625], "train_loss_4": [0.6371329956054688, 0.5774384155273438, 0.5414573364257812, 0.5145914916992187, 0.4933150329589844, 0.4746270751953125, 0.4597724304199219, 0.4472164306640625, 0.43650335693359377, 0.4279487609863281, 0.4200025329589844, 0.41351565551757813, 0.4080824279785156, 0.4033563232421875, 0.39912188720703123, 0.39527743530273435, 0.39212396240234376, 0.3888763732910156, 0.3861027526855469, 0.38364990234375, 0.38104046630859373, 0.37855743408203124, 0.3766653747558594, 0.3747637023925781, 0.37267230224609377, 0.370821533203125, 0.3689884033203125, 0.36766183471679686, 0.3659587097167969, 0.3649329833984375], "train_accuracy_4": [0.639125, 0.76075, 0.7978125, 0.8225625, 0.8413125, 0.8584375, 0.8768125, 0.889, 0.89525, 0.90325, 0.9134375, 0.9185, 0.9205625, 0.9246875, 0.93, 0.9355, 0.937625, 0.9395625, 0.940875, 0.9425625, 0.944, 0.94525, 0.9474375, 0.9491875, 0.9504375, 0.952, 0.9545, 0.9551875, 0.95675, 0.9579375], "val_loss_4": [0.6020640869140625, 0.5611773071289062, 0.5330543212890625, 0.5088474426269531, 0.4909410705566406, 0.4720090637207031, 0.45839129638671877, 0.44689007568359373, 0.4382646484375, 0.4287208862304687, 0.42169186401367187, 0.41512078857421875, 0.41016058349609374, 0.40583950805664065, 0.40140228271484374, 0.40015292358398435, 0.39450775146484374, 0.3917848205566406, 0.38892556762695313, 0.3867736511230469, 0.38390585327148435, 0.3815968627929687, 0.3805595703125, 0.3773336181640625, 0.37569570922851564, 0.3740204772949219, 0.3735992431640625, 0.3712423095703125, 0.3695792236328125, 0.36813006591796876], "val_accuracy_4": [0.70275, 0.775, 0.793, 0.82275, 0.83025, 0.856, 0.8715, 0.89025, 0.89075, 0.90275, 0.9135, 0.91475, 0.91825, 0.925, 0.9325, 0.92725, 0.9345, 0.936, 0.93675, 0.9365, 0.93775, 0.94075, 0.94275, 0.94225, 0.94425, 0.94825, 0.9465, 0.95075, 0.95175, 0.9535], "train_loss_5": [0.6446849975585938, 0.582903076171875, 0.5455048828125, 0.5173935546875, 0.4953833923339844, 0.47672271728515625, 0.4612750549316406, 0.44830252075195315, 0.43811831665039064, 0.42893756103515623, 0.4213237609863281, 0.41473104858398435, 0.40886065673828126, 0.40343222045898436, 0.39899139404296874, 0.3944262084960938, 0.3910791015625, 0.38737197875976564, 0.3846144714355469, 0.3815953369140625, 0.3788878173828125, 0.37679525756835935, 0.3750105285644531, 0.37294573974609374, 0.3712570495605469, 0.369273193359375, 0.36771981811523435, 0.3662758483886719, 0.36468258666992187, 0.3635228271484375],