{"train_loss_1": [0.6487280883789063, 0.5932960815429688, 0.555080078125, 0.5248485717773438, 0.500963134765625, 0.4805382385253906, 0.46340322875976564, 0.4493316345214844, 0.4373248291015625, 0.4269399108886719, 0.4185804443359375, 0.41107217407226565, 0.4046125793457031, 0.3987559814453125, 0.3939974670410156, 0.39037130737304687, 0.3860096435546875, 0.38265347290039065, 0.3793532409667969, 0.37684945678710935, 0.37460256958007815, 0.372071533203125, 0.36985406494140627, 0.36800927734375, 0.36592364501953123, 0.36431591796875, 0.36277996826171877, 0.3606979675292969, 0.35920751953125, 0.35729757690429687], "train_accuracy_1": [0.6180625, 0.740375, 0.7751875, 0.7969375, 0.8265625, 0.8498125, 0.87075, 0.8875625, 0.89825, 0.9105, 0.9151875, 0.9219375, 0.92775, 0.9345, 0.937875, 0.939625, 0.943875, 0.94625, 0.9490625, 0.9498125, 0.9509375, 0.95325, 0.9545625, 0.9554375, 0.9568125, 0.957375, 0.9591875, 0.961125, 0.9624375, 0.9643125], "val_loss_1": [0.6156441650390625, 0.5727359008789062, 0.5380562133789063, 0.5116879272460938, 0.48957626342773436, 0.47152505493164065, 0.45515438842773437, 0.44379693603515624, 0.4304779968261719, 0.4229280090332031, 0.41319876098632813, 0.40839901733398437, 0.4012784118652344, 0.39572097778320314, 0.3931165466308594, 0.38778936767578126, 0.3845561218261719, 0.3810401611328125, 0.3787088623046875, 0.3761258544921875, 0.37354446411132813, 0.37167514038085936, 0.36911016845703126, 0.367892822265625, 0.36767694091796876, 0.3636873474121094, 0.36191903686523436, 0.3608060302734375, 0.3589798583984375, 0.35778659057617185], "val_accuracy_1": [0.70075, 0.771, 0.78025, 0.8165, 0.84325, 0.855, 0.88, 0.89125, 0.90525, 0.91225, 0.91925, 0.91925, 0.9245, 0.93325, 0.936, 0.939, 0.94225, 0.9455, 0.946, 0.9475, 0.9505, 0.95075, 0.95475, 0.95675, 0.95325, 0.958, 0.95975, 0.96175, 0.963, 0.964], "train_loss_2": [0.6276163330078125, 0.565039306640625, 0.5296239013671875, 0.5029517822265624, 0.48015020751953125, 0.46087445068359373, 0.4453083801269531, 0.43265234375, 0.42226730346679686, 0.4136072998046875, 0.4065169067382812, 0.40077517700195314, 0.39503897094726564, 0.39064089965820314, 0.38677377319335937, 0.38387197875976564, 0.3803695068359375, 0.3775196228027344, 0.3746752624511719, 0.3725339660644531, 0.3700382995605469, 0.36835269165039064, 0.36616226196289064, 0.36457269287109373, 0.36289129638671874, 0.36146417236328127, 0.3604511413574219, 0.35844268798828127, 0.35735971069335937, 0.35591259765625], "train_accuracy_2": [0.67225, 0.76775, 0.796875, 0.8269375, 0.8575625, 0.8796875, 0.8960625, 0.9075625, 0.913, 0.9215, 0.9255, 0.929375, 0.9355625, 0.9386875, 0.942875, 0.9450625, 0.9475625, 0.95075, 0.9538125, 0.955, 0.95725, 0.958, 0.960375, 0.9605, 0.962375, 0.9630625, 0.9625, 0.9645, 0.96525, 0.9663125], "val_loss_2": [0.5821381225585938, 0.537791748046875, 0.5074755554199218, 0.4844432067871094, 0.46371807861328124, 0.4472212219238281, 0.4335293273925781, 0.423318603515625, 0.41428671264648437, 0.40681683349609377, 0.3994535217285156, 0.39553704833984377, 0.38910455322265625, 0.38499560546875, 0.3814342346191406, 0.37821282958984376, 0.3752979431152344, 0.372938720703125, 0.3701031799316406, 0.36793524169921876, 0.366499267578125, 0.36394052124023435, 0.3625437622070313, 0.3605172424316406, 0.36282284545898436, 0.35800421142578126, 0.35753143310546875, 0.3567780456542969, 0.3545921630859375, 0.35290988159179687], "val_accuracy_2": [0.74575, 0.80525, 0.82225, 0.85175, 0.879, 0.89425, 0.908, 0.909, 0.91625, 0.9275, 0.9315, 0.936, 0.946, 0.9485, 0.95275, 0.9525, 0.95575, 0.95725, 0.95875, 0.9595, 0.9595, 0.96125, 0.96275, 0.96375, 0.961, 0.96475, 0.96525, 0.967, 0.966, 0.96775], "train_loss_3": [0.6439956665039063, 0.5838866577148437, 0.5465013427734375, 0.519065673828125, 0.4970523376464844, 0.4784930419921875, 0.4626249694824219, 0.448867431640625, 0.4377508850097656, 0.4277243347167969, 0.4197510986328125, 0.4118806457519531, 0.4055201110839844, 0.3998981323242187, 0.3947611083984375, 0.390091796875, 0.38627642822265623, 0.3824858093261719, 0.3797652282714844, 0.3768833923339844, 0.3742628479003906, 0.37198056030273435, 0.36987786865234373, 0.3676561279296875, 0.3660075073242188, 0.36422894287109375, 0.36210693359375, 0.36057357788085936, 0.359296875, 0.3579000549316406], "train_accuracy_3": [0.622875, 0.759125, 0.7944375, 0.8133125, 0.834625, 0.85675, 0.8715625, 0.8848125, 0.8979375, 0.909, 0.9155625, 0.9239375, 0.928, 0.9324375, 0.9365, 0.9423125, 0.9454375, 0.9485625, 0.949375, 0.950625, 0.951875, 0.95375, 0.9551875, 0.955375, 0.9564375, 0.959125, 0.960375, 0.961375, 0.9625625, 0.964375], "val_loss_3": [0.6107559814453125, 0.5653933715820313, 0.5324091186523437, 0.508390625, 0.4868019714355469, 0.46956982421875, 0.4552682189941406, 0.4404840698242187, 0.4299053344726563, 0.42224591064453126, 0.41287454223632813, 0.40582498168945313, 0.40098214721679687, 0.39448477172851565, 0.3898915710449219, 0.3864360046386719, 0.38380563354492186, 0.38019830322265624, 0.3779094543457031, 0.3743047485351563, 0.3721275329589844, 0.37086135864257813, 0.3682242431640625, 0.3673059387207031, 0.3641099853515625, 0.3622673645019531, 0.36079336547851565, 0.3604400024414062, 0.3571794128417969, 0.35922244262695313], "val_accuracy_3": [0.7025, 0.79, 0.80875, 0.824, 0.839, 0.863, 0.8925, 0.89775, 0.90225, 0.9225, 0.9235, 0.934, 0.929, 0.941, 0.94275, 0.94775, 0.94925, 0.94925, 0.9505, 0.952, 0.95275, 0.9545, 0.9565, 0.956, 0.961, 0.96225, 0.96175, 0.96275, 0.965, 0.9645], "train_loss_4": [0.643351318359375, 0.58161865234375, 0.54181396484375, 0.512093505859375, 0.4876497802734375, 0.4670122680664063, 0.45056695556640625, 0.43678936767578125, 0.425315185546875, 0.41597982788085935, 0.4078162536621094, 0.40155892944335936, 0.39584597778320313, 0.39096173095703124, 0.3868696594238281, 0.38327935791015627, 0.3794913330078125, 0.37657769775390626, 0.37386337280273435, 0.3712969055175781, 0.36885906982421873, 0.36675491333007815, 0.36493161010742187, 0.3627822570800781, 0.360794677734375, 0.3590454406738281, 0.35782015991210936, 0.35603927612304687, 0.35483697509765627, 0.35317788696289065], "train_accuracy_4": [0.6141875, 0.7445, 0.7969375, 0.8235625, 0.8486875, 0.8715625, 0.8856875, 0.901375, 0.9119375, 0.9190625, 0.926375, 0.929125, 0.9345, 0.940125, 0.94425, 0.9463125, 0.948625, 0.950875, 0.9521875, 0.955, 0.95575, 0.9580625, 0.9595, 0.9610625, 0.96325, 0.9644375, 0.9654375, 0.966625, 0.9684375, 0.9689375], "val_loss_4": [0.6091134033203125, 0.5636242065429687, 0.5310983276367187, 0.50501171875, 0.4835336608886719, 0.4635809631347656, 0.44804714965820314, 0.43464105224609373, 0.42572592163085937, 0.4157092590332031, 0.40790740966796873, 0.40249459838867185, 0.39726370239257813, 0.39297067260742186, 0.38851104736328124, 0.38507928466796876, 0.38172442626953124, 0.37891946411132815, 0.3800915222167969, 0.3741084899902344, 0.37191180419921877, 0.3699591064453125, 0.3683361206054688, 0.36614785766601565, 0.3647391052246094, 0.36275314331054687, 0.3615732727050781, 0.3615455322265625, 0.35824285888671875, 0.3568928833007812], "val_accuracy_4": [0.69375, 0.77025, 0.79475, 0.82075, 0.85525, 0.874, 0.8905, 0.9035, 0.908, 0.91825, 0.92625, 0.931, 0.93725, 0.935, 0.94075, 0.94225, 0.94625, 0.94575, 0.9465, 0.9505, 0.95225, 0.95375, 0.9545, 0.9565, 0.95725, 0.9585, 0.9605, 0.958, 0.96175, 0.9635], "train_loss_5": [0.636083251953125, 0.5796954956054687, 0.5446302490234375, 0.5163931274414062, 0.4934350280761719, 0.4741981506347656, 0.4581340942382813, 0.44366366577148436, 0.431363037109375, 0.42135415649414065, 0.41266159057617186, 0.4052021484375, 0.39915631103515625, 0.393521728515625, 0.3890389404296875, 0.384924560546875, 0.3816873168945312, 0.3782083740234375, 0.3757745056152344, 0.3731060485839844, 0.3705582275390625, 0.3685906372070312, 0.3666624450683594, 0.36446917724609373, 0.3630163879394531, 0.3615312805175781, 0.35986566162109374, 0.35860671997070315, 0.35701837158203126, 0.35588742065429685],