{"train_loss_1": [0.6444633178710938, 0.5805568237304688, 0.5389889526367188, 0.507914794921875, 0.48323770141601563, 0.4633551330566406, 0.44752655029296873, 0.4351278991699219, 0.4252923889160156, 0.41668771362304685, 0.40913153076171876, 0.40290716552734374, 0.39719400024414064, 0.3922497863769531, 0.3877714538574219, 0.3841473693847656, 0.3811179504394531, 0.3779085998535156, 0.374819580078125, 0.3721294860839844, 0.36978329467773435, 0.3678101501464844, 0.365648193359375, 0.3638736267089844, 0.36214749145507813, 0.36040185546875, 0.3586749267578125, 0.357508544921875, 0.3561168518066406, 0.355099365234375], "train_accuracy_1": [0.6266875, 0.7619375, 0.797125, 0.834125, 0.8618125, 0.8813125, 0.8976875, 0.905875, 0.9110625, 0.9159375, 0.9235625, 0.9280625, 0.932875, 0.9384375, 0.9416875, 0.943875, 0.945625, 0.947625, 0.9516875, 0.9529375, 0.955, 0.957125, 0.9595, 0.9601875, 0.96125, 0.963875, 0.96475, 0.965125, 0.966, 0.967], "val_loss_1": [0.6070859985351562, 0.5563214721679688, 0.52226220703125, 0.4958357238769531, 0.47174118041992186, 0.4540678405761719, 0.44273580932617185, 0.43200576782226563, 0.42012002563476564, 0.4121728515625, 0.4054112548828125, 0.3993978271484375, 0.39544076538085937, 0.3907770690917969, 0.386431884765625, 0.3827352294921875, 0.38031787109375, 0.37696954345703126, 0.37407421875, 0.3718160400390625, 0.37038714599609374, 0.367587646484375, 0.3655939331054687, 0.3658356018066406, 0.3627396850585938, 0.36184796142578124, 0.36196432495117187, 0.3582266235351563, 0.35744577026367186, 0.35604769897460936], "val_accuracy_1": [0.70275, 0.78175, 0.82375, 0.848, 0.865, 0.8945, 0.89625, 0.89675, 0.91175, 0.91625, 0.9225, 0.93025, 0.93375, 0.93875, 0.94025, 0.94475, 0.94325, 0.946, 0.94925, 0.95225, 0.953, 0.957, 0.95825, 0.958, 0.96175, 0.961, 0.96, 0.96475, 0.96675, 0.967], "train_loss_2": [0.6502716064453125, 0.59247802734375, 0.5507725830078125, 0.51955517578125, 0.494208251953125, 0.4728026123046875, 0.45465945434570315, 0.44007034301757814, 0.42851632690429686, 0.418501953125, 0.40990869140625, 0.40260891723632813, 0.396968017578125, 0.3915326232910156, 0.38737661743164065, 0.38303887939453124, 0.37967816162109375, 0.37668331909179686, 0.3733415832519531, 0.37113482666015624, 0.3681091003417969, 0.36589044189453124, 0.36381292724609376, 0.36203271484375, 0.36029806518554686, 0.3585281982421875, 0.35686392211914064, 0.35522271728515625, 0.3538691101074219, 0.35243185424804685], "train_accuracy_2": [0.5851875, 0.7291875, 0.784, 0.8169375, 0.8455625, 0.8705625, 0.8883125, 0.899375, 0.90575, 0.9118125, 0.9235625, 0.9280625, 0.9323125, 0.938, 0.9425, 0.947125, 0.9495, 0.951125, 0.9541875, 0.955875, 0.95875, 0.96, 0.961875, 0.962875, 0.964125, 0.965875, 0.9670625, 0.9684375, 0.9695, 0.9701875], "val_loss_2": [0.6140241088867188, 0.5633253784179687, 0.5275457763671875, 0.4991142272949219, 0.478475830078125, 0.45759805297851563, 0.44406591796875, 0.4302715454101563, 0.42045993041992186, 0.4117235412597656, 0.4043983764648437, 0.398522705078125, 0.39293301391601565, 0.3889432678222656, 0.3854484558105469, 0.379667724609375, 0.3760967102050781, 0.3738805236816406, 0.37029583740234373, 0.3685586853027344, 0.36534722900390626, 0.3634606628417969, 0.36125384521484377, 0.359857177734375, 0.3578238220214844, 0.3559427795410156, 0.3545646057128906, 0.3532421569824219, 0.35172564697265624, 0.35064715576171873], "val_accuracy_2": [0.66975, 0.77325, 0.8205, 0.8495, 0.8615, 0.8855, 0.8935, 0.90625, 0.90975, 0.9175, 0.923, 0.92725, 0.9405, 0.93975, 0.945, 0.9515, 0.95375, 0.954, 0.95875, 0.95975, 0.96125, 0.96325, 0.9635, 0.96475, 0.9665, 0.96725, 0.968, 0.96975, 0.97025, 0.971], "train_loss_3": [0.6621743774414063, 0.601207275390625, 0.5559146118164062, 0.5231046142578125, 0.4963227844238281, 0.4736981201171875, 0.4559080810546875, 0.4405210876464844, 0.42843505859375, 0.41896585083007815, 0.4103219299316406, 0.4036116027832031, 0.3973968811035156, 0.3923531494140625, 0.3878019714355469, 0.38353759765625, 0.37995492553710936, 0.37682257080078124, 0.3736212463378906, 0.3703631896972656, 0.36789849853515627, 0.3657811279296875, 0.3631907043457031, 0.36112515258789063, 0.3589989929199219, 0.35718411254882815, 0.3554595642089844, 0.3539106750488281, 0.35271798706054686, 0.35110205078125], "train_accuracy_3": [0.562375, 0.7115625, 0.774875, 0.81325, 0.8438125, 0.8665625, 0.885, 0.9011875, 0.9128125, 0.916875, 0.9224375, 0.92675, 0.93325, 0.9394375, 0.9435625, 0.9466875, 0.948125, 0.9506875, 0.95275, 0.956375, 0.958, 0.959375, 0.9626875, 0.96425, 0.965875, 0.967375, 0.96825, 0.9704375, 0.969625, 0.9721875], "val_loss_3": [0.6326051025390625, 0.5778766479492188, 0.5387954711914062, 0.5097942810058593, 0.48335488891601563, 0.4623297119140625, 0.44530047607421874, 0.43173052978515625, 0.4210887756347656, 0.4122803955078125, 0.40454214477539063, 0.399550537109375, 0.39740924072265627, 0.38846856689453124, 0.38787054443359376, 0.3809248962402344, 0.3773245544433594, 0.37425677490234377, 0.37401318359375, 0.36913006591796876, 0.3664971923828125, 0.36386199951171877, 0.36523416137695314, 0.36016351318359374, 0.3580325927734375, 0.3564500732421875, 0.3553016662597656, 0.3539024963378906, 0.3520908203125, 0.35147933959960936], "val_accuracy_3": [0.632, 0.748, 0.7995, 0.8265, 0.85875, 0.88425, 0.89775, 0.91575, 0.91975, 0.9245, 0.9275, 0.93075, 0.9345, 0.94325, 0.9415, 0.9495, 0.95075, 0.95425, 0.95025, 0.95675, 0.9605, 0.96275, 0.9585, 0.96575, 0.96825, 0.96875, 0.968, 0.96975, 0.9705, 0.97225], "train_loss_4": [0.6266190795898438, 0.55814111328125, 0.519157958984375, 0.4913262634277344, 0.4693232421875, 0.4515644836425781, 0.4375130615234375, 0.4262287292480469, 0.41719354248046875, 0.409251953125, 0.4026261596679688, 0.39704824829101565, 0.39262158203125, 0.3884402160644531, 0.3841847839355469, 0.38066754150390625, 0.3778303833007812, 0.3745790100097656, 0.37220294189453124, 0.3696929016113281, 0.36730099487304685, 0.3650435791015625, 0.3631588134765625, 0.3613285522460937, 0.35939508056640623, 0.35817880249023437, 0.35623190307617186, 0.35457669067382813, 0.3532083435058594, 0.352062744140625], "train_accuracy_4": [0.66075, 0.7984375, 0.82475, 0.850125, 0.8649375, 0.888, 0.905125, 0.912, 0.9195625, 0.925875, 0.9314375, 0.9358125, 0.9371875, 0.9409375, 0.9420625, 0.94625, 0.94725, 0.9505, 0.952625, 0.954875, 0.9575, 0.958875, 0.96075, 0.9624375, 0.9645, 0.9645, 0.96625, 0.968125, 0.969125, 0.9698125], "val_loss_4": [0.5864319458007813, 0.5415799560546875, 0.5100722351074218, 0.4860231018066406, 0.46580596923828127, 0.4504630126953125, 0.4367276306152344, 0.4268983459472656, 0.41782827758789065, 0.40994891357421875, 0.4038297119140625, 0.3987467041015625, 0.3942138366699219, 0.39188088989257813, 0.38661898803710937, 0.3836656494140625, 0.3797886657714844, 0.37760415649414064, 0.37423114013671877, 0.371613037109375, 0.369285400390625, 0.369318115234375, 0.36538336181640624, 0.3657793273925781, 0.36401101684570314, 0.36047476196289063, 0.35881753540039063, 0.3570141906738281, 0.3558859558105469, 0.3543304138183594], "val_accuracy_4": [0.77725, 0.78925, 0.81675, 0.84425, 0.861, 0.882, 0.9025, 0.90425, 0.921, 0.928, 0.9315, 0.93575, 0.9355, 0.9365, 0.94225, 0.9435, 0.94575, 0.947, 0.94675, 0.9485, 0.9525, 0.9535, 0.95675, 0.95575, 0.95675, 0.95975, 0.9645, 0.96575, 0.96575, 0.9675], "train_loss_5": [0.6311028442382812, 0.566159912109375, 0.5264674682617188, 0.4977095031738281, 0.4750501098632812, 0.457192138671875, 0.4421350402832031, 0.42987521362304687, 0.41964599609375, 0.41126284790039064, 0.4041792907714844, 0.3985603332519531, 0.39342816162109373, 0.3886729736328125, 0.38511663818359376, 0.38143173217773435, 0.37829937744140624, 0.3753652648925781, 0.3726741638183594, 0.37025689697265624, 0.3680096130371094, 0.36598226928710936, 0.3636915588378906, 0.3616489868164062, 0.3602658386230469, 0.35827978515625, 0.3568613586425781, 0.35561447143554686, 0.3540442810058594, 0.35300531005859376],