{"train_loss_1": [0.6504107055664062, 0.5854365234375, 0.5461123046875, 0.5177130737304687, 0.4931786499023437, 0.4730228271484375, 0.45529818725585935, 0.4403488464355469, 0.4280100402832031, 0.4172392578125, 0.408751953125, 0.4016344299316406, 0.39514996337890623, 0.39030975341796875, 0.385808837890625, 0.38123779296875, 0.37789788818359377, 0.37419720458984373, 0.3711827697753906, 0.36860992431640627, 0.3659056396484375, 0.3635539855957031, 0.3616064758300781, 0.3593664855957031, 0.3576708068847656, 0.3557342834472656, 0.3539951477050781, 0.3522831115722656, 0.3509186706542969, 0.349331298828125], "train_accuracy_1": [0.6009375, 0.7380625, 0.7843125, 0.805375, 0.828375, 0.857125, 0.8814375, 0.8973125, 0.9105, 0.920875, 0.9290625, 0.932375, 0.937125, 0.940125, 0.943, 0.947375, 0.95075, 0.95425, 0.9565625, 0.9575625, 0.959625, 0.9618125, 0.9631875, 0.9645, 0.9668125, 0.9688125, 0.9699375, 0.971, 0.972375, 0.9733125], "val_loss_1": [0.6095634155273437, 0.563179443359375, 0.5302114868164063, 0.5041661376953125, 0.4829320678710938, 0.46387319946289063, 0.44966455078125, 0.4333519287109375, 0.42184536743164064, 0.4119329223632813, 0.4057578125, 0.397695556640625, 0.392262939453125, 0.3885032653808594, 0.38382373046875, 0.3800400390625, 0.37660153198242186, 0.3741654052734375, 0.3721753540039062, 0.36867376708984373, 0.3669867858886719, 0.36622784423828125, 0.36224966430664063, 0.36007601928710936, 0.359093994140625, 0.3578716125488281, 0.35564593505859377, 0.3536250305175781, 0.3514519958496094, 0.3505187683105469], "val_accuracy_1": [0.69725, 0.77125, 0.8, 0.819, 0.845, 0.878, 0.89375, 0.902, 0.91925, 0.92475, 0.93325, 0.9335, 0.93725, 0.94325, 0.9455, 0.94725, 0.952, 0.9535, 0.9545, 0.95725, 0.961, 0.959, 0.96375, 0.9645, 0.96525, 0.96525, 0.9665, 0.96775, 0.97025, 0.972], "train_loss_2": [0.6497156982421874, 0.592496337890625, 0.5532219848632812, 0.5211422729492188, 0.49409683227539064, 0.4704535217285156, 0.4518314514160156, 0.43693463134765625, 0.42446453857421873, 0.41513131713867185, 0.4070260314941406, 0.4008226013183594, 0.39499456787109377, 0.39012301635742186, 0.3858597412109375, 0.3820067443847656, 0.3787803039550781, 0.37563735961914063, 0.37270523071289063, 0.3703509521484375, 0.3676460876464844, 0.36554550170898437, 0.3630909118652344, 0.36095639038085936, 0.35871630859375, 0.3569623413085937, 0.3550879516601563, 0.3533487854003906, 0.35180599975585936, 0.3501002197265625], "train_accuracy_2": [0.612875, 0.7356875, 0.7788125, 0.8099375, 0.83675, 0.8671875, 0.8859375, 0.90025, 0.9108125, 0.9175625, 0.92525, 0.929375, 0.9331875, 0.9373125, 0.94025, 0.943375, 0.9458125, 0.9494375, 0.9521875, 0.95425, 0.9561875, 0.95925, 0.9609375, 0.9630625, 0.965875, 0.967, 0.9673125, 0.9695, 0.9698125, 0.972], "val_loss_2": [0.611213134765625, 0.5633886108398437, 0.5287219848632813, 0.4978685607910156, 0.4741572265625, 0.45458895874023436, 0.442094482421875, 0.4267225036621094, 0.4189904174804687, 0.40853302001953123, 0.403430419921875, 0.39764556884765623, 0.3906406860351562, 0.3863761291503906, 0.38249057006835935, 0.3791898193359375, 0.37446548461914064, 0.37239947509765625, 0.36886392211914065, 0.36867117309570313, 0.36379800415039065, 0.36188226318359373, 0.36167608642578125, 0.3574084777832031, 0.3556080322265625, 0.35418798828125, 0.35313876342773437, 0.3524821472167969, 0.3498809814453125, 0.348246337890625], "val_accuracy_2": [0.71225, 0.781, 0.81625, 0.8495, 0.85875, 0.8785, 0.8915, 0.90925, 0.9155, 0.923, 0.928, 0.92725, 0.93625, 0.941, 0.94375, 0.94725, 0.953, 0.953, 0.95725, 0.956, 0.9615, 0.96325, 0.96275, 0.96675, 0.96825, 0.9675, 0.96925, 0.97, 0.97125, 0.97225], "train_loss_3": [0.6332600708007813, 0.5775890502929687, 0.5427716064453125, 0.5151617431640625, 0.4918273620605469, 0.47130120849609375, 0.45402880859375, 0.4397944030761719, 0.42780133056640623, 0.4182800598144531, 0.40972021484375, 0.4027819519042969, 0.3961007080078125, 0.3907226257324219, 0.3855943298339844, 0.3814222412109375, 0.37799691772460936, 0.3745666809082031, 0.37187176513671877, 0.36888836669921876, 0.36703176879882815, 0.3644990844726563, 0.36200064086914063, 0.360077880859375, 0.35853277587890625, 0.35590994262695314, 0.353783935546875, 0.3525035400390625, 0.3505819702148438, 0.349406005859375], "train_accuracy_3": [0.65575, 0.7465625, 0.7803125, 0.81525, 0.8426875, 0.8640625, 0.8841875, 0.8986875, 0.912375, 0.919375, 0.9275, 0.93075, 0.937125, 0.94275, 0.945875, 0.94925, 0.9501875, 0.953875, 0.9553125, 0.9565625, 0.9576875, 0.95925, 0.9619375, 0.963625, 0.9648125, 0.967375, 0.9703125, 0.9708125, 0.9726875, 0.9739375], "val_loss_3": [0.6028071899414063, 0.563402099609375, 0.5290812377929688, 0.5028922119140625, 0.480704345703125, 0.4618173828125, 0.44450677490234375, 0.431211181640625, 0.42046966552734377, 0.4114115295410156, 0.4031940307617187, 0.39675503540039064, 0.3968994750976563, 0.38585223388671874, 0.38414712524414063, 0.377768798828125, 0.3745199890136719, 0.37252877807617185, 0.36928985595703123, 0.36740182495117185, 0.364518798828125, 0.3647078247070312, 0.3625071716308594, 0.36020941162109377, 0.36073748779296877, 0.3556311340332031, 0.35481796264648435, 0.3548131103515625, 0.35208554077148435, 0.3501187744140625], "val_accuracy_3": [0.72025, 0.76675, 0.79875, 0.82775, 0.84575, 0.864, 0.89175, 0.9135, 0.92375, 0.932, 0.9355, 0.938, 0.9335, 0.94825, 0.9455, 0.95175, 0.9535, 0.954, 0.95675, 0.95875, 0.96, 0.959, 0.96125, 0.963, 0.9625, 0.96625, 0.969, 0.968, 0.9705, 0.972], "train_loss_4": [0.62404150390625, 0.5609473266601562, 0.5234280395507812, 0.496760498046875, 0.4751552429199219, 0.4570034484863281, 0.44204656982421875, 0.43014996337890626, 0.41932369995117186, 0.41137335205078124, 0.40451593017578125, 0.39827584838867186, 0.3933583984375, 0.38873394775390624, 0.38463238525390625, 0.3807159118652344, 0.3772617492675781, 0.3743928527832031, 0.37140362548828126, 0.3688373718261719, 0.36631106567382815, 0.3638753662109375, 0.36177304077148437, 0.35961251831054686, 0.35792788696289063, 0.35607308959960937, 0.3542924499511719, 0.3529720458984375, 0.351291748046875, 0.3498238525390625], "train_accuracy_4": [0.6890625, 0.7825, 0.8205, 0.8375, 0.8540625, 0.8764375, 0.8941875, 0.9071875, 0.9166875, 0.9248125, 0.9295625, 0.9339375, 0.9366875, 0.9398125, 0.9421875, 0.944375, 0.948625, 0.9514375, 0.9543125, 0.9570625, 0.958875, 0.9610625, 0.9625, 0.9645625, 0.9658125, 0.9679375, 0.969, 0.9694375, 0.9713125, 0.971625], "val_loss_4": [0.58728955078125, 0.5437638549804688, 0.5142149047851563, 0.4978502197265625, 0.4706933288574219, 0.45482864379882815, 0.43983929443359376, 0.42803411865234375, 0.41850259399414064, 0.41084109497070315, 0.40518740844726564, 0.3987041320800781, 0.393702392578125, 0.3913040771484375, 0.38613128662109375, 0.3818780822753906, 0.37856024169921876, 0.3757170104980469, 0.3721902160644531, 0.3704200439453125, 0.3677275390625, 0.3662625732421875, 0.363205810546875, 0.3613896484375, 0.35938214111328126, 0.3569668884277344, 0.35591366577148437, 0.3538436584472656, 0.35185171508789065, 0.35325421142578123], "val_accuracy_4": [0.75975, 0.777, 0.8145, 0.831, 0.85575, 0.86975, 0.8995, 0.91, 0.9175, 0.92675, 0.92925, 0.93525, 0.9365, 0.935, 0.93825, 0.9435, 0.94825, 0.9485, 0.95225, 0.95275, 0.95475, 0.957, 0.95875, 0.96025, 0.96275, 0.9635, 0.9645, 0.96575, 0.96825, 0.9665], "train_loss_5": [0.63779296875, 0.578702392578125, 0.5417974243164062, 0.5129786376953125, 0.4894154663085937, 0.46950143432617186, 0.4522058410644531, 0.438141845703125, 0.42638787841796877, 0.4162713623046875, 0.4084033203125, 0.40225927734375, 0.3965579528808594, 0.3915209045410156, 0.3877232360839844, 0.3839510192871094, 0.38038824462890625, 0.37742324829101564, 0.37465692138671874, 0.3723030700683594, 0.3697200317382813, 0.3673092956542969, 0.36538125610351563, 0.36316485595703124, 0.36088299560546877, 0.3588170776367188, 0.3567149658203125, 0.35522348022460937, 0.3534026794433594, 0.35148626708984376],