{"train_loss_1": [0.6300191040039063, 0.56923291015625, 0.5323848266601563, 0.5026163330078125, 0.47755029296875, 0.4573812255859375, 0.44121478271484377, 0.4280768127441406, 0.4172138671875, 0.40798712158203126, 0.4002391357421875, 0.3934906921386719, 0.3879490661621094, 0.38306088256835935, 0.37893048095703125, 0.3748669738769531, 0.3717124328613281, 0.36856707763671875, 0.3655176391601562, 0.3628929443359375, 0.36054193115234373, 0.358220703125, 0.35602273559570313, 0.35410797119140625, 0.3523458557128906, 0.3508939208984375, 0.34939859008789065, 0.3478334655761719, 0.34668243408203125, 0.34533642578125], "train_accuracy_1": [0.6490625, 0.764625, 0.8014375, 0.837375, 0.8663125, 0.887125, 0.9028125, 0.9118125, 0.9201875, 0.9256875, 0.93275, 0.93725, 0.94225, 0.9468125, 0.94925, 0.9529375, 0.956125, 0.95925, 0.961625, 0.9635625, 0.9644375, 0.965875, 0.96825, 0.97, 0.971375, 0.972875, 0.974625, 0.974875, 0.9768125, 0.9775625], "val_loss_1": [0.5915786743164062, 0.5487285766601563, 0.5168401489257812, 0.4897833557128906, 0.466650146484375, 0.4483664245605469, 0.4343455810546875, 0.4220955810546875, 0.41211441040039065, 0.4076737976074219, 0.39760150146484374, 0.3913340759277344, 0.3860260314941406, 0.3822082214355469, 0.377078125, 0.3738160400390625, 0.3742831115722656, 0.3675708312988281, 0.3650533447265625, 0.36239056396484376, 0.36054541015625, 0.3578499450683594, 0.356210205078125, 0.35436148071289064, 0.3530933532714844, 0.3508428955078125, 0.34912680053710937, 0.3479185791015625, 0.34660198974609374, 0.3456356811523438], "val_accuracy_1": [0.732, 0.78075, 0.82875, 0.85425, 0.8785, 0.896, 0.90675, 0.91425, 0.92275, 0.92725, 0.93425, 0.93875, 0.942, 0.94675, 0.94925, 0.95325, 0.951, 0.96, 0.96075, 0.9625, 0.96475, 0.96375, 0.9645, 0.97, 0.97025, 0.97325, 0.975, 0.9755, 0.97775, 0.9785], "train_loss_2": [0.6378499145507812, 0.5706383056640625, 0.5295377807617188, 0.4984888000488281, 0.47354315185546875, 0.4525411071777344, 0.4364757995605469, 0.4237917785644531, 0.41340786743164065, 0.40545303344726563, 0.3985779418945313, 0.3932405700683594, 0.38836978149414064, 0.38443310546875, 0.3805245056152344, 0.3770538635253906, 0.373882568359375, 0.37118026733398435, 0.3682287292480469, 0.36568130493164064, 0.3634594421386719, 0.36127337646484375, 0.35880050659179685, 0.3566999206542969, 0.3546293640136719, 0.35265966796875, 0.3508204345703125, 0.349202880859375, 0.3478963317871094, 0.34658929443359376], "train_accuracy_2": [0.652375, 0.766375, 0.8065, 0.84525, 0.870875, 0.8951875, 0.907625, 0.918125, 0.9230625, 0.9284375, 0.932625, 0.936125, 0.9399375, 0.9434375, 0.9465625, 0.9498125, 0.952875, 0.95425, 0.955875, 0.959, 0.9605, 0.96275, 0.965875, 0.96675, 0.969125, 0.9714375, 0.9730625, 0.974, 0.975625, 0.976875], "val_loss_2": [0.5902322387695312, 0.5418386840820313, 0.5062832946777344, 0.4786402282714844, 0.4569237670898437, 0.4402859497070313, 0.429103515625, 0.41659649658203124, 0.40856243896484373, 0.4027836608886719, 0.39498483276367186, 0.39046139526367185, 0.38823541259765626, 0.38158551025390625, 0.3798086242675781, 0.37502053833007815, 0.3718546142578125, 0.36922329711914065, 0.36876339721679685, 0.36530084228515625, 0.36319415283203127, 0.3603482666015625, 0.35767083740234373, 0.3548858032226562, 0.3530856018066406, 0.35129010009765627, 0.349650146484375, 0.3494010009765625, 0.3469388122558594, 0.34582717895507814], "val_accuracy_2": [0.753, 0.80675, 0.83275, 0.8725, 0.887, 0.9085, 0.91675, 0.92225, 0.92575, 0.93, 0.9325, 0.9395, 0.93925, 0.9465, 0.94575, 0.95125, 0.953, 0.9565, 0.95475, 0.95925, 0.96075, 0.96225, 0.9665, 0.968, 0.97125, 0.97175, 0.973, 0.97325, 0.976, 0.976], "train_loss_3": [0.64183447265625, 0.57325244140625, 0.5327685546875, 0.5035005187988282, 0.4790623779296875, 0.4584170227050781, 0.44170700073242186, 0.4273448486328125, 0.41648574829101564, 0.4066534729003906, 0.3987601013183594, 0.392296630859375, 0.38639187622070315, 0.3819045715332031, 0.37764089965820313, 0.3735884399414062, 0.3704017028808594, 0.3672880554199219, 0.364659423828125, 0.3617523498535156, 0.3594891662597656, 0.3572979736328125, 0.35547344970703126, 0.35325619506835937, 0.3512186279296875, 0.3493123779296875, 0.3478074645996094, 0.34676116943359375, 0.34512643432617185, 0.344054443359375], "train_accuracy_3": [0.626125, 0.7604375, 0.7940625, 0.8199375, 0.85675, 0.884625, 0.90075, 0.9135, 0.922625, 0.932625, 0.9380625, 0.9423125, 0.94675, 0.949625, 0.95275, 0.9561875, 0.9590625, 0.96125, 0.9625, 0.9644375, 0.9666875, 0.9684375, 0.96925, 0.971125, 0.9736875, 0.9748125, 0.975625, 0.97775, 0.9789375, 0.97925], "val_loss_3": [0.6023334350585937, 0.5517489013671875, 0.5182931518554688, 0.49042431640625, 0.4672648315429688, 0.44831195068359375, 0.43637530517578127, 0.4190118408203125, 0.4085506286621094, 0.40027096557617187, 0.3932538146972656, 0.387552978515625, 0.3826881408691406, 0.37892819213867185, 0.3751084289550781, 0.3737381591796875, 0.368443359375, 0.36649752807617186, 0.36378298950195315, 0.3612382507324219, 0.35961843872070315, 0.3581224060058594, 0.3587727355957031, 0.3544728088378906, 0.3534261474609375, 0.3508139953613281, 0.34960409545898435, 0.3511512756347656, 0.3474845275878906, 0.34607327270507815], "val_accuracy_3": [0.71575, 0.78625, 0.8065, 0.8405, 0.88125, 0.897, 0.905, 0.925, 0.93425, 0.941, 0.94575, 0.94875, 0.95025, 0.95125, 0.954, 0.95575, 0.9605, 0.96275, 0.964, 0.96425, 0.96825, 0.966, 0.96825, 0.97, 0.97025, 0.97275, 0.974, 0.97175, 0.975, 0.97725], "train_loss_4": [0.6347616577148437, 0.5710297241210938, 0.5292791137695313, 0.4973837890625, 0.47284536743164063, 0.452560546875, 0.4370953369140625, 0.424916748046875, 0.41458731079101563, 0.40609381103515624, 0.3986149597167969, 0.392356689453125, 0.38683773803710936, 0.3820565490722656, 0.3779512634277344, 0.37411737060546874, 0.3707971801757812, 0.3676091003417969, 0.36509100341796874, 0.36221267700195314, 0.36030044555664065, 0.35763418579101564, 0.3561521911621094, 0.35385296630859375, 0.35246676635742186, 0.35076260375976565, 0.34938027954101564, 0.3475794372558594, 0.34625619506835936, 0.34519146728515626], "train_accuracy_4": [0.63875, 0.7684375, 0.8174375, 0.8500625, 0.876, 0.895125, 0.909, 0.9156875, 0.92225, 0.928125, 0.9325625, 0.935625, 0.942375, 0.9464375, 0.9501875, 0.9531875, 0.9571875, 0.9601875, 0.9618125, 0.9650625, 0.96675, 0.969, 0.9688125, 0.9705625, 0.9715625, 0.972875, 0.9733125, 0.97525, 0.977, 0.978375], "val_loss_4": [0.5989213256835938, 0.5508662109375, 0.5160723266601562, 0.48911495971679686, 0.46590725708007813, 0.4478650817871094, 0.43567556762695314, 0.42217315673828126, 0.4129648742675781, 0.40451312255859373, 0.3982343444824219, 0.39147531127929686, 0.386546630859375, 0.3833934326171875, 0.3780189514160156, 0.374888671875, 0.37105398559570313, 0.369817138671875, 0.36621630859375, 0.3657806701660156, 0.3612124633789062, 0.3592620849609375, 0.35793252563476563, 0.356294677734375, 0.353759765625, 0.3521747131347656, 0.3503291015625, 0.3485556640625, 0.34700808715820314, 0.34708209228515624], "val_accuracy_4": [0.702, 0.79425, 0.8235, 0.85475, 0.876, 0.904, 0.907, 0.9235, 0.92725, 0.93025, 0.9295, 0.93925, 0.9415, 0.94475, 0.94775, 0.95075, 0.95525, 0.95775, 0.95925, 0.958, 0.964, 0.9645, 0.9645, 0.965, 0.9665, 0.96975, 0.97175, 0.973, 0.97375, 0.97475], "train_loss_5": [0.6512800903320313, 0.5970590209960938, 0.5575467529296875, 0.5245740356445312, 0.4971109619140625, 0.4742080078125, 0.4553929443359375, 0.4399518737792969, 0.42735784912109376, 0.4172431640625, 0.408728271484375, 0.4014697265625, 0.3957627258300781, 0.3907605590820312, 0.3868349609375, 0.3826335144042969, 0.37919189453125, 0.3762069091796875, 0.37273626708984375, 0.3701485290527344, 0.3674646911621094, 0.36485684204101565, 0.36232791137695314, 0.36018450927734375, 0.35803033447265625, 0.3556922607421875, 0.3538291320800781, 0.35240185546875, 0.35089950561523436, 0.3489808349609375],