{"train_loss_1": [0.6433347778320313, 0.5832081298828125, 0.5365016479492187, 0.5001652526855469, 0.47100732421875, 0.44848483276367185, 0.43067050170898435, 0.4171497497558594, 0.4067542724609375, 0.39871099853515624, 0.39266802978515625, 0.3877366027832031, 0.383672607421875, 0.380551025390625, 0.3776646728515625, 0.3749675598144531, 0.37275506591796875, 0.37102484130859376, 0.369003662109375, 0.3671991271972656, 0.36632992553710936, 0.36462567138671875, 0.3632478637695313, 0.3621737060546875, 0.3611476135253906, 0.3598585205078125, 0.35906448364257815, 0.3584640197753906, 0.3574761962890625, 0.35646319580078123], "train_accuracy_1": [0.6055625, 0.74725, 0.811, 0.847125, 0.8738125, 0.8966875, 0.912875, 0.9214375, 0.9304375, 0.9360625, 0.939625, 0.942375, 0.9441875, 0.9464375, 0.949, 0.9505, 0.95175, 0.9521875, 0.954, 0.9550625, 0.956125, 0.95675, 0.958125, 0.958625, 0.9589375, 0.959375, 0.960375, 0.9598125, 0.961, 0.9623125], "val_loss_1": [0.6097454223632812, 0.5569584350585938, 0.5159813232421875, 0.4836151733398438, 0.45765371704101565, 0.4375474853515625, 0.42235394287109373, 0.41189419555664064, 0.4010799560546875, 0.39492279052734375, 0.3889704895019531, 0.38570123291015623, 0.386255126953125, 0.3801527099609375, 0.3767569274902344, 0.3735098876953125, 0.3709933471679687, 0.36945108032226565, 0.367374755859375, 0.366003173828125, 0.36492236328125, 0.3634070129394531, 0.36247006225585937, 0.361748779296875, 0.36045843505859376, 0.3596829833984375, 0.3591968078613281, 0.3580690002441406, 0.35728131103515626, 0.356755859375], "val_accuracy_1": [0.69675, 0.77625, 0.83475, 0.857, 0.88525, 0.90875, 0.9175, 0.92225, 0.93175, 0.9355, 0.94025, 0.94025, 0.94025, 0.943, 0.94575, 0.9475, 0.949, 0.95125, 0.95225, 0.95475, 0.95375, 0.957, 0.95725, 0.956, 0.958, 0.959, 0.958, 0.95875, 0.95925, 0.9605], "train_loss_2": [0.6380045166015625, 0.5732593383789063, 0.531298095703125, 0.49772817993164065, 0.46959661865234376, 0.4466513061523438, 0.429222412109375, 0.41589462280273437, 0.40615884399414065, 0.39868524169921876, 0.3923670349121094, 0.38782855224609375, 0.38377798461914064, 0.3800204772949219, 0.37706564331054687, 0.37459918212890625, 0.3716827697753906, 0.3697906188964844, 0.36774545288085936, 0.36621063232421874, 0.36443060302734376, 0.36339190673828126, 0.3620072021484375, 0.3607296447753906, 0.3598272705078125, 0.35876708984375, 0.3580773315429687, 0.3568724365234375, 0.35575381469726564, 0.3549409484863281], "train_accuracy_2": [0.6411875, 0.7701875, 0.8159375, 0.8423125, 0.8751875, 0.903375, 0.915875, 0.9240625, 0.9295625, 0.93375, 0.93675, 0.9395625, 0.943, 0.9451875, 0.94825, 0.9495625, 0.952125, 0.954, 0.9555, 0.955625, 0.957375, 0.9568125, 0.959125, 0.9593125, 0.960625, 0.960125, 0.961375, 0.962, 0.9630625, 0.9635], "val_loss_2": [0.5938334350585938, 0.543685791015625, 0.5063250122070313, 0.4794765930175781, 0.4526348571777344, 0.4337581787109375, 0.41883734130859374, 0.40799560546875, 0.4013100280761719, 0.39284042358398436, 0.3874862365722656, 0.3833175048828125, 0.38319757080078126, 0.3762196044921875, 0.3728118591308594, 0.3704878845214844, 0.36837872314453124, 0.3674097900390625, 0.36573550415039063, 0.36430853271484376, 0.36220556640625, 0.36040084838867187, 0.35929669189453123, 0.3586953125, 0.3579673767089844, 0.3570429992675781, 0.3562254638671875, 0.3552465209960938, 0.3545823059082031, 0.35397216796875], "val_accuracy_2": [0.762, 0.80925, 0.85025, 0.86825, 0.892, 0.91325, 0.9205, 0.9295, 0.93025, 0.93825, 0.9415, 0.943, 0.94325, 0.94925, 0.954, 0.955, 0.95575, 0.9555, 0.956, 0.95675, 0.957, 0.95975, 0.96025, 0.9585, 0.96025, 0.96025, 0.96, 0.963, 0.963, 0.96175], "train_loss_3": [0.6463432006835937, 0.5801339111328125, 0.5321064453125, 0.4972337951660156, 0.4698265380859375, 0.4479300842285156, 0.4306976318359375, 0.4171544494628906, 0.4071064147949219, 0.3991573486328125, 0.3925545349121094, 0.38770147705078123, 0.3838131713867188, 0.37996337890625, 0.37757894897460936, 0.37467236328125, 0.3723702697753906, 0.3704110107421875, 0.3683700256347656, 0.3667919616699219, 0.3654010314941406, 0.3641277160644531, 0.36295654296875, 0.3615292053222656, 0.3610497741699219, 0.35965899658203127, 0.35869537353515624, 0.3582314147949219, 0.3570617370605469, 0.3568348388671875], "train_accuracy_3": [0.607625, 0.7696875, 0.8145625, 0.846, 0.8734375, 0.898, 0.912875, 0.9196875, 0.92725, 0.932875, 0.9383125, 0.9415, 0.943625, 0.945875, 0.9473125, 0.9484375, 0.95075, 0.9515625, 0.9534375, 0.9541875, 0.9554375, 0.95625, 0.958, 0.9583125, 0.9586875, 0.9583125, 0.9598125, 0.959375, 0.96175, 0.9613125], "val_loss_3": [0.6128637084960937, 0.556068359375, 0.5143245849609375, 0.4828664855957031, 0.45781723022460935, 0.43831854248046875, 0.422311279296875, 0.41050738525390623, 0.4024002990722656, 0.39420156860351563, 0.3882158813476563, 0.3891787109375, 0.38024822998046875, 0.37739846801757815, 0.37650112915039063, 0.3732895812988281, 0.37045831298828125, 0.36940472412109376, 0.3692167663574219, 0.3665732727050781, 0.367383544921875, 0.3662269592285156, 0.36186795043945313, 0.3620749816894531, 0.3600643310546875, 0.35904727172851564, 0.3587706298828125, 0.35763006591796875, 0.35997613525390626, 0.3560735168457031], "val_accuracy_3": [0.73525, 0.80175, 0.83075, 0.86, 0.8825, 0.906, 0.91825, 0.925, 0.931, 0.93675, 0.941, 0.9405, 0.945, 0.94875, 0.9485, 0.95175, 0.95075, 0.951, 0.95425, 0.95525, 0.95325, 0.955, 0.9575, 0.95775, 0.95775, 0.96075, 0.96075, 0.95925, 0.958, 0.9615], "train_loss_4": [0.634929443359375, 0.5661652221679687, 0.5183844604492187, 0.4831871643066406, 0.45713742065429686, 0.43743572998046876, 0.4221345520019531, 0.410136962890625, 0.4015010681152344, 0.39445361328125, 0.3890919494628906, 0.3848643493652344, 0.38111724853515627, 0.3783241271972656, 0.37552627563476565, 0.373317138671875, 0.3713546142578125, 0.3697436218261719, 0.3684814453125, 0.36651406860351565, 0.3653236389160156, 0.36410003662109375, 0.3629565124511719, 0.3619733581542969, 0.3610805358886719, 0.3602572021484375, 0.35953955078125, 0.3585859375, 0.35792782592773437, 0.357129150390625], "train_accuracy_4": [0.637625, 0.7754375, 0.837625, 0.8646875, 0.888125, 0.90525, 0.9183125, 0.925875, 0.932875, 0.9359375, 0.94075, 0.9428125, 0.9459375, 0.9468125, 0.9493125, 0.9504375, 0.9511875, 0.95225, 0.9536875, 0.9545, 0.9554375, 0.9569375, 0.957, 0.95775, 0.9575625, 0.959125, 0.95875, 0.960375, 0.9604375, 0.960625], "val_loss_4": [0.5957109375, 0.5435635375976563, 0.5032777404785156, 0.4740765380859375, 0.45060076904296875, 0.4331268615722656, 0.41948040771484374, 0.4092860717773438, 0.4014089050292969, 0.39644317626953124, 0.38927838134765624, 0.3853302001953125, 0.38847900390625, 0.37909405517578126, 0.3760418701171875, 0.37377325439453124, 0.3724771728515625, 0.37063812255859374, 0.36886724853515623, 0.36685775756835937, 0.36572979736328126, 0.36443896484375, 0.3630826110839844, 0.36186441040039063, 0.362918701171875, 0.36037387084960937, 0.3599726867675781, 0.3599090576171875, 0.3577406921386719, 0.35702923583984375], "val_accuracy_4": [0.713, 0.806, 0.84325, 0.87025, 0.89625, 0.90825, 0.91975, 0.92475, 0.93125, 0.934, 0.93925, 0.9415, 0.938, 0.945, 0.94775, 0.94925, 0.9505, 0.9515, 0.9525, 0.95475, 0.956, 0.957, 0.95825, 0.9595, 0.95675, 0.9605, 0.9595, 0.95825, 0.962, 0.96225], "train_loss_5": [0.6307938232421875, 0.5678062133789062, 0.525308837890625, 0.4923282470703125, 0.46514947509765625, 0.44351571655273436, 0.42753225708007814, 0.41465277099609377, 0.4053114624023437, 0.3982284240722656, 0.3924075622558594, 0.38780810546875, 0.3835066528320312, 0.3804983215332031, 0.37745916748046876, 0.374729248046875, 0.37231256103515625, 0.3703012390136719, 0.36849685668945314, 0.36680755615234373, 0.3651029052734375, 0.36402069091796874, 0.3627011413574219, 0.36160763549804686, 0.360450439453125, 0.35966024780273437, 0.3586475524902344, 0.3575547180175781, 0.3569794921875, 0.35614480590820313],