{"train_loss_1": [0.6198543090820312, 0.5439657592773437, 0.4978143615722656, 0.4650658264160156, 0.44103924560546875, 0.42368707275390627, 0.41124072265625, 0.402185791015625, 0.39559747314453125, 0.39010220336914064, 0.38573126220703124, 0.38208340454101564, 0.37906622314453126, 0.3763271484375, 0.3739433288574219, 0.37171694946289063, 0.37031683349609373, 0.3686021728515625, 0.36698074340820314, 0.36536355590820313, 0.36416122436523435, 0.36296173095703127, 0.36190884399414064, 0.36087057495117186, 0.36006414794921876, 0.359068115234375, 0.3581395263671875, 0.3573457336425781, 0.3566851501464844, 0.3555677185058594], "train_accuracy_1": [0.6745, 0.812, 0.855875, 0.8868125, 0.908875, 0.91975, 0.9285625, 0.932375, 0.9354375, 0.9384375, 0.9430625, 0.94475, 0.9465, 0.947625, 0.9495, 0.9515, 0.9523125, 0.95275, 0.954125, 0.95525, 0.9549375, 0.956375, 0.9571875, 0.9584375, 0.9584375, 0.959875, 0.9603125, 0.9611875, 0.961375, 0.9630625], "val_loss_1": [0.5708441772460937, 0.5175185546875, 0.47789569091796874, 0.4505523376464844, 0.429318115234375, 0.4149274597167969, 0.4048507080078125, 0.39688973999023436, 0.39114581298828127, 0.38595770263671875, 0.382013916015625, 0.3797286071777344, 0.37599960327148435, 0.37307205200195315, 0.37120166015625, 0.36904913330078126, 0.36800576782226563, 0.3657300109863281, 0.36546337890625, 0.3630066833496094, 0.36319781494140624, 0.3608832702636719, 0.3614067687988281, 0.3599474792480469, 0.357843505859375, 0.35709634399414064, 0.35646875, 0.3573575744628906, 0.35475054931640626, 0.3569809875488281], "val_accuracy_1": [0.77, 0.82975, 0.8705, 0.8885, 0.9155, 0.92275, 0.92925, 0.93375, 0.9365, 0.938, 0.94175, 0.94425, 0.94625, 0.94725, 0.94925, 0.95225, 0.9525, 0.954, 0.955, 0.955, 0.95725, 0.95775, 0.959, 0.96025, 0.962, 0.9615, 0.96325, 0.962, 0.9635, 0.96075], "train_loss_2": [0.6333033447265625, 0.560685302734375, 0.5127843627929688, 0.4773807373046875, 0.4508243408203125, 0.4311213073730469, 0.41681500244140623, 0.40598651123046875, 0.3979242858886719, 0.3921956787109375, 0.38759689331054686, 0.3836167297363281, 0.38005105590820315, 0.3771697998046875, 0.3748984069824219, 0.3727794494628906, 0.37083251953125, 0.36931161499023435, 0.3674522094726563, 0.3665011291503906, 0.3647052917480469, 0.36343161010742187, 0.36245968627929687, 0.3618237609863281, 0.3604543151855469, 0.3593731689453125, 0.3585345458984375, 0.3579294738769531, 0.3569921875, 0.35593792724609374], "train_accuracy_2": [0.6545625, 0.785375, 0.8404375, 0.87775, 0.9006875, 0.91575, 0.9239375, 0.930125, 0.935375, 0.936875, 0.94125, 0.9420625, 0.94425, 0.9469375, 0.9475625, 0.949375, 0.9505, 0.95125, 0.95325, 0.9523125, 0.9554375, 0.955875, 0.956625, 0.9575625, 0.958125, 0.959375, 0.9601875, 0.9605625, 0.961875, 0.9621875], "val_loss_2": [0.5845030517578125, 0.5273534545898437, 0.4876309814453125, 0.45745379638671874, 0.4361436767578125, 0.41914166259765623, 0.40733377075195315, 0.39871109008789063, 0.392597412109375, 0.3882691650390625, 0.382218017578125, 0.38006198120117185, 0.3760835266113281, 0.3735644836425781, 0.37115982055664065, 0.36935772705078124, 0.36919613647460936, 0.36688995361328125, 0.365327392578125, 0.3642465209960937, 0.36207009887695313, 0.3609128723144531, 0.36031021118164064, 0.35965341186523436, 0.35826290893554685, 0.35769229125976565, 0.3572331237792969, 0.35588247680664065, 0.3550704345703125, 0.3559939575195312], "val_accuracy_2": [0.76125, 0.8355, 0.8745, 0.89975, 0.913, 0.92675, 0.9315, 0.9365, 0.9405, 0.94075, 0.9455, 0.94425, 0.947, 0.95125, 0.951, 0.95225, 0.95325, 0.952, 0.95375, 0.957, 0.95575, 0.95675, 0.9585, 0.959, 0.96075, 0.9605, 0.9615, 0.96175, 0.96275, 0.962], "train_loss_3": [0.6343887329101563, 0.561499755859375, 0.5168264770507812, 0.4848638916015625, 0.4593223571777344, 0.4389289245605469, 0.42290423583984377, 0.41121368408203124, 0.40225112915039063, 0.39564324951171875, 0.39045651245117186, 0.3860556335449219, 0.3825760498046875, 0.3794942626953125, 0.376533447265625, 0.3742561340332031, 0.37216900634765626, 0.3703812255859375, 0.36890133666992186, 0.3672860107421875, 0.3657303466796875, 0.3645800170898438, 0.363885009765625, 0.3621102294921875, 0.361269775390625, 0.3607520751953125, 0.35945327758789064, 0.3587558898925781, 0.35754254150390624, 0.35695892333984375], "train_accuracy_3": [0.6618125, 0.7955625, 0.8284375, 0.8546875, 0.8850625, 0.906375, 0.9195, 0.9248125, 0.93275, 0.937625, 0.9405625, 0.942375, 0.9435625, 0.9461875, 0.9479375, 0.949375, 0.9504375, 0.951, 0.951125, 0.9535625, 0.9539375, 0.955625, 0.9548125, 0.9571875, 0.9576875, 0.95725, 0.959, 0.958875, 0.9605, 0.960875], "val_loss_3": [0.5931270141601562, 0.5379636840820312, 0.4999217834472656, 0.4709838562011719, 0.447471923828125, 0.42961984252929686, 0.4155037841796875, 0.4054521789550781, 0.39828842163085937, 0.3921858825683594, 0.3897205200195312, 0.38431515502929686, 0.3805746154785156, 0.3777022399902344, 0.3758443603515625, 0.37368280029296874, 0.3727937316894531, 0.3715301208496094, 0.3692178955078125, 0.3668539123535156, 0.36603488159179687, 0.36590579223632813, 0.36417910766601563, 0.3634034729003906, 0.3621327819824219, 0.3621772155761719, 0.3598428955078125, 0.3599527282714844, 0.3599831848144531, 0.3588585510253906], "val_accuracy_3": [0.7705, 0.819, 0.83825, 0.8755, 0.9, 0.917, 0.92475, 0.93, 0.93225, 0.9385, 0.9395, 0.94125, 0.94375, 0.94625, 0.94725, 0.9485, 0.9495, 0.95, 0.951, 0.9525, 0.95275, 0.9535, 0.956, 0.956, 0.95725, 0.95675, 0.95775, 0.95775, 0.959, 0.959], "train_loss_4": [0.6432776489257812, 0.5825436401367188, 0.5361220703125, 0.49928018188476564, 0.47079681396484374, 0.4479869995117188, 0.4290556640625, 0.4150051574707031, 0.40489984130859374, 0.39725064086914064, 0.39142584228515626, 0.3865452575683594, 0.3829249572753906, 0.379590087890625, 0.37683816528320313, 0.37473019409179686, 0.37260498046875, 0.3705301208496094, 0.369384765625, 0.3673456726074219, 0.36626568603515625, 0.3652163391113281, 0.3638038635253906, 0.36303741455078126, 0.3620433349609375, 0.36089739990234376, 0.3599604187011719, 0.3595362548828125, 0.35880538940429685, 0.3575898132324219], "train_accuracy_4": [0.632, 0.749875, 0.7928125, 0.843625, 0.8699375, 0.8941875, 0.9148125, 0.9256875, 0.93175, 0.9358125, 0.940375, 0.9423125, 0.9450625, 0.9468125, 0.948375, 0.95, 0.9514375, 0.951625, 0.951875, 0.9546875, 0.95425, 0.9548125, 0.9553125, 0.9568125, 0.9573125, 0.9571875, 0.9590625, 0.958875, 0.9596875, 0.9606875], "val_loss_4": [0.6106187744140625, 0.5616339111328125, 0.5221583862304687, 0.4900469970703125, 0.4644468994140625, 0.4429897155761719, 0.4256289367675781, 0.4131075134277344, 0.4072113952636719, 0.3969552917480469, 0.3914315185546875, 0.38746621704101564, 0.38440695190429686, 0.3801180114746094, 0.37738629150390623, 0.37525140380859373, 0.3726011047363281, 0.3724666748046875, 0.3691168212890625, 0.3683099060058594, 0.36636880493164065, 0.365822265625, 0.36458453369140625, 0.36291876220703123, 0.3627861328125, 0.36105419921875, 0.3607738952636719, 0.3592490539550781, 0.3583886413574219, 0.3580573425292969], "val_accuracy_4": [0.70775, 0.7605, 0.8155, 0.8445, 0.86025, 0.8955, 0.9175, 0.9255, 0.92725, 0.93525, 0.9405, 0.94, 0.94075, 0.946, 0.94825, 0.94975, 0.953, 0.94925, 0.95525, 0.95375, 0.95475, 0.95475, 0.95625, 0.958, 0.957, 0.95875, 0.958, 0.96025, 0.96075, 0.96175], "train_loss_5": [0.6327899169921875, 0.566275146484375, 0.5209631958007812, 0.48640411376953124, 0.45968798828125, 0.43857235717773435, 0.42295993041992186, 0.41103103637695315, 0.4019013366699219, 0.39505474853515626, 0.38968841552734373, 0.38510113525390627, 0.3814714965820313, 0.3781226806640625, 0.3757793884277344, 0.3731868896484375, 0.37117111206054687, 0.3692285461425781, 0.36757177734375, 0.3660559997558594, 0.3646806945800781, 0.36332720947265623, 0.36231427001953126, 0.3616154479980469, 0.36060662841796876, 0.3595648498535156, 0.35886947631835936, 0.35776046752929686, 0.3569509582519531, 0.3564448852539063],